Healthy_species	Unhealthy_species
Acinetobacter_parvus	Acidaminococcus_fermentans
Actinotignum_timonense	Acinetobacter_bereziniae
Aerococcus_urinaeequi	Actinomyces_cardiffensis
Aerococcus_viridans	Actinomyces_sp_HPA0247
Bacillus_cereus_group	Actinomyces_sp_oral_taxon_180
Bacillus_sp_FJAT_27916	Actinomyces_sp_oral_taxon_414
Bacteroides_caecimuris	Actinomyces_viscosus
Bacteroides_intestinalis	Aeromonas_dhakensis
Bacteroides_sp_OM05_12	Aggregatibacter_segnis
Candidatus_Stoquefichus_sp_KLE1796	Aggregatibacter_sp_oral_taxon_458
Carnobacterium_maltaromaticum	Alistipes_sp_CHKCI003
Citrobacter_portucalensis	Alloprevotella_rava
Comamonas_kerstersii	Alloprevotella_tannerae
Coprobacter_sp	Anaerococcus_vaginalis
Corynebacterium_casei	Atopobium_deltae
Corynebacterium_glutamicum	Atopobium_minutum
Corynebacterium_variabile	Atopobium_vaginae
Dialister_sp_CAG_357	Bacteroides_sp_CAG_633
Elizabethkingia_anophelis	Bacteroides_sp_CAG_927
Enhydrobacter_aerosaccus	Bacteroides_xylanolyticus
Enterobacter_soli	Bacteroidetes_bacterium_oral_taxon_272
Enterococcus_devriesei	Barnesiella_sp_An55
Enterococcus_malodoratus	Bavariicoccus_seileri
Enterococcus_mundtii	Bifidobacterium_angulatum
Firmicutes_bacterium_CAG_534	Bifidobacterium_gallinarum
Flavonifractor_sp_An82	Bifidobacterium_moukalabense
Geobacillus_stearothermophilus	Bifidobacterium_pullorum
Hungatella_effluvii	Bifidobacterium_saeculare
Kluyvera_ascorbata	Bulleidia_extructa
Kluyvera_intestini	Campylobacter_coli
Lachnospiraceae_bacterium_2_1_46FAA	Campylobacter_concisus
Lactobacillus_algidus	Campylobacter_curvus
Lactobacillus_mindensis	Campylobacter_gracilis
Lactobacillus_murinus	Campylobacter_rectus
Lactococcus_piscium	Campylobacter_showae
Lactococcus_raffinolactis	Candida_albicans
Leuconostoc_citreum	Candidatus_Methanomassiliicoccus_intestinalis
Leuconostoc_gelidum	Candidatus_Methanomethylophilus_sp_1R26
Leuconostoc_suionicum	Capnocytophaga_gingivalis
Megasphaera_cerevisiae	Cardiobacterium_hominis
Meiothermus_silvanus	Cardiobacterium_valvarum
Methanosphaera_cuniculi	Catenibacterium_mitsuokai
Parabacteroides_chinchillae	Catonella_morbi
Phytobacter_ursingii	Cellulosilyticum_lentocellum
Pseudomonas_fragi	Citrobacter_sp_MGH106
Pseudomonas_lundensis	Clavibacter_michiganensis
Pyrococcus_yayanosii	Clostridioides_difficile
Roseburia_sp_CAG_303	Clostridium_baratii
Staphylococcus_capitis	Clostridium_cadaveris
Staphylococcus_hominis	Clostridium_cocleatum
Staphylococcus_kloosii	Clostridium_sp_7_2_43FAA
Staphylococcus_sciuri	Clostridium_ventriculi
Staphylococcus_xylosus	Comamonas_testosteroni
Stenotrophomonas_rhizophila	Corynebacterium_accolens
Streptococcus_equinus	Corynebacterium_aurimucosum
Streptococcus_pyogenes	Corynebacterium_matruchotii
Terrisporobacter_othiniensis	Cronobacter_sakazakii
Treponema_porcinum	Denitrobacterium_detoxificans
Vibrio_fluvialis	Desulfovibrio_legallii
Weissella_cibaria	Dialister_micraerophilus
	Dialister_pneumosintes
	Edwardsiella_tarda
	Eikenella_corrodens
	Enterococcus_canis
	Enterococcus_casseliflavus
	Enterococcus_cecorum
	Enterococcus_dispar
	Enterococcus_durans
	Enterococcus_faecalis
	Eubacterium_infirmum
	Eubacterium_minutum
	Eubacterium_sp_An11
	Facklamia_hominis
	Firmicutes_bacterium_CAG_791
	Flavobacterium_sp_FEMGT703F
	Franconibacter_helveticus
	Fusobacterium_equinum
	Fusobacterium_gonidiaformans
	Fusobacterium_hwasookii
	Fusobacterium_nucleatum
	Fusobacterium_sp_oral_taxon_370
	Gemella_asaccharolytica
	Gemella_bergeri
	Gemmiger_sp_An50
	Haemophilus_haemolyticus
	Haemophilus_influenzae
	Haemophilus_parahaemolyticus
	Haemophilus_quentini
	Hafnia_alvei
	Helicobacter_equorum
	Helicobacter_pylori
	Jonquetella_anthropi
	Kingella_oralis
	Klebsiella_oxytoca
	Kosakonia_oryzae
	Lachnoanaerobaculum_saburreum
	Lachnoclostridium_sp_An196
	Lactobacillus_agilis
	Lactobacillus_alimentarius
	Lactobacillus_animalis
	Lactobacillus_antri
	Lactobacillus_brevis
	Lactobacillus_coryniformis
	Lactobacillus_curvatus
	Lactobacillus_dextrinicus
	Lactobacillus_equicursoris
	Lactobacillus_fermentum
	Lactobacillus_fuchuensis
	Lactobacillus_gasseri
	Lactobacillus_helveticus
	Lactobacillus_iners
	Lactobacillus_ingluviei
	Lactobacillus_oris
	Lactobacillus_panis
	Lactobacillus_paragasseri
	Lactobacillus_paraplantarum
	Lactobacillus_reuteri
	Lactobacillus_salivarius
	Lactobacillus_vaginalis
	Lactobacillus_versmoldensis
	Leptotrichia_hofstadii
	Leptotrichia_sp_oral_taxon_212
	Leptotrichia_sp_oral_taxon_215
	Leptotrichia_sp_oral_taxon_225
	Leptotrichia_sp_oral_taxon_498
	Leptotrichia_sp_oral_taxon_879
	Leptotrichia_wadei
	Mageeibacillus_indolicus
	Megasphaera_sp_MJR8396C
	Methanobacterium_formicicum
	Methanobrevibacter_arboriphilus
	Methanosphaera_sp_SHI1033
	Mitsuokella_jalaludinii
	Mogibacterium_pumilum
	Moraxella_catarrhalis
	Morococcus_cerebrosus
	Muribaculum_intestinale
	Negativicoccus_succinicivorans
	Neisseria_mucosa
	Neisseria_perflava
	Neisseria_sicca
	Neisseria_sp_oral_taxon_014
	Neisseria_subflava
	Olsenella_profusa
	Oribacterium_sp_oral_taxon_078
	Paeniclostridium_sordellii
	Parvimonas_sp_oral_taxon_110
	Parvimonas_sp_oral_taxon_393
	Peptoniphilus_coxii
	Peptoniphilus_grossensis
	Peptoniphilus_harei
	Peptoniphilus_lacrimalis
	Peptoniphilus_sp_DNF00840
	Peptoniphilus_sp_HMSC062D09
	Peptostreptococcus_anaerobius
	Peptostreptococcus_sp_MV1
	Peptostreptococcus_stomatis
	Phascolarctobacterium_sp
	Porphyromonas_somerae
	Prevotella_baroniae
	Prevotella_bergensis
	Prevotella_buccae
	Prevotella_colorans
	Prevotella_dentalis
	Prevotella_denticola
	Prevotella_histicola
	Prevotella_intermedia
	Prevotella_jejuni
	Prevotella_melaninogenica
	Prevotella_multiformis
	Prevotella_multisaccharivorax
	Prevotella_oris
	Prevotella_oulorum
	Prevotella_pallens
	Prevotella_salivae
	Prevotella_scopos
	Prevotella_sp_CAG_1320
	Prevotella_sp_CAG_617
	Prevotella_sp_CAG_873
	Prevotella_sp_S7_1_8
	Prevotella_sp_oral_taxon_306
	Prevotella_sp_oral_taxon_376
	Prevotella_veroralis
	Propionibacterium_acidifaciens
	Propionibacterium_namnetense
	Proteus_penneri
	Proteus_vulgaris
	Pseudomonas_helleri
	Pyramidobacter_sp_C12_8
	Raoultella_ornithinolytica
	Raoultella_terrigena
	Robinsoniella_sp_RHS
	Romboutsia_hominis
	Schwartzia_succinivorans
	Sediminibacterium_sp_FEMGT703S
	Selenomonas_artemidis
	Selenomonas_noxia
	Selenomonas_sp_FOBRC6
	Selenomonas_sp_oral_taxon_126
	Selenomonas_sp_oral_taxon_138
	Selenomonas_sp_oral_taxon_920
	Slackia_exigua
	Slackia_isoflavoniconvertens
	Staphylococcus_argenteus
	Staphylococcus_warneri
	Stomatobaculum_longum
	Streptococcus_gallolyticus
	Streptococcus_lutetiensis
	Streptococcus_macedonicus
	Streptococcus_milleri
	Streptococcus_mutans
	Streptococcus_parauberis
	Streptococcus_peroris
	Streptococcus_pneumoniae
	Streptococcus_sp_HMSC070B10
	Streptococcus_sp_HPH0090
	Streptococcus_sp_SK643
	Streptococcus_sp_oral_taxon_058
	Streptococcus_viridans
	Subdoligranulum_variabile
	Tannerella_forsythia
	Tetragenococcus_halophilus
	Treponema_denticola
	Treponema_medium
	Treponema_socranskii
	Treponema_vincentii
	Tropheryma_whipplei
	Varibaculum_cambriense
	Veillonella_denticariosi
	Veillonella_rodentium
	Veillonella_seminalis
	Veillonellaceae_bacterium_DNF00626
	Vibrio_cholerae
